,TMSB4X,CXCR4,RGS1,ARHGDIB,VIM,IFITM1,HSP90AA1,GZMA,IL32,HSP90AB1,IL2RG,SAT1,PTPRC,CD74,group
Cy81_Bulk_CD45_G02_S170_comb,0.0,0.0,0.0,0.0,5.2428,1.3522,4.6844,0.0,0.0,5.6218,0.0,7.5206,0.73118,0.0,3.0
CY65_POS_D_AGGCAGAA_TAGATCGC,0.0,0.0,8.0065,0.0,6.6241,0.0,7.2412,1.5489,0.0,1.8016,0.0,8.8141,0.0,7.6153,3.0
cy78-CD45-neg-1-H05-S569-comb,4.1297,0.0,3.6703,0.0,6.9379,0.0,8.7527,0.0,0.0,6.6795,0.0,7.5567,0.0,0.0,3.0
CY89A_CD45_POS_10_A07_S199_comb,10.029,7.0526,10.026,8.0389,6.25,8.092,0.0,7.7345,6.8476,6.0083,7.3894,7.8837,7.9334,7.9184,3.0
CY75_1FNA_F07_S547_comb,10.478,8.386000000000001,7.2394,6.9218,8.8459,8.4138,7.096,8.5622,7.0120000000000005,6.8564,0.0,2.5278,7.4238,7.614,3.0
CY75_1FNA_A05_S485_comb,10.092,8.9221,6.2417,8.3063,6.5815,0.0,7.6766,0.0,6.8443,7.9545,7.9008,0.0,7.5702,0.0,3.0
CY75_1FNA_G06_S558_comb,10.857999999999999,9.4114,6.0195,7.9292,6.4714,8.6656,4.6687,8.3389,7.9452,5.5329,7.3512,0.0,4.6585,4.914,3.0
